id,final_rank,designed_sequence,designed_chain_sequence,num_design,design_to_target_iptm,min_design_to_target_pae,design_ptm,filter_rmsd,designfolding-filter_rmsd,plip_hbonds_refolded,delta_sasa_refolded,design_largest_hydrophobic_patch_refolded,design_chain_hydrophobicity,design_hydrophobicity,loop,helix,sheet,file_name,num_prot_tokens,num_lig_atoms,num_resolved_tokens,num_tokens,UNK_fraction,GLY_fraction,ALA_fraction,CYS_fraction,SER_fraction,PRO_fraction,THR_fraction,VAL_fraction,ILE_fraction,ASN_fraction,ASP_fraction,LEU_fraction,MET_fraction,GLN_fraction,GLU_fraction,LYS_fraction,HIS_fraction,PHE_fraction,ARG_fraction,TYR_fraction,TRP_fraction,liability_score,liability_num_violations,liability_high_severity_violations,liability_medium_severity_violations,liability_low_severity_violations,liability_AspBridge_count,liability_AspCleave_count,liability_ProtTryp_count,liability_HydroPatch_count,liability_ProtTryp_position,liability_ProtTryp_length,liability_ProtTryp_severity,liability_ProtTryp_details,liability_ProtTryp_positions,liability_ProtTryp_num_positions,liability_ProtTryp_global_details,liability_ProtTryp_avg_severity,liability_DPP4_count,liability_DPP4_position,liability_DPP4_length,liability_DPP4_severity,liability_DPP4_details,liability_DPP4_positions,liability_DPP4_num_positions,liability_DPP4_global_details,liability_DPP4_avg_severity,liability_HydroPatch_position,liability_HydroPatch_length,liability_HydroPatch_severity,liability_HydroPatch_details,liability_HydroPatch_positions,liability_HydroPatch_num_positions,liability_HydroPatch_global_details,liability_HydroPatch_avg_severity,liability_AspCleave_position,liability_AspCleave_length,liability_AspCleave_severity,liability_AspCleave_details,liability_AspCleave_positions,liability_AspCleave_num_positions,liability_AspCleave_global_details,liability_AspCleave_avg_severity,liability_NTCycl_count,liability_NTCycl_position,liability_NTCycl_length,liability_NTCycl_severity,liability_NTCycl_details,liability_NTCycl_positions,liability_NTCycl_num_positions,liability_NTCycl_global_details,liability_NTCycl_avg_severity,liability_MetOx_count,liability_MetOx_position,liability_MetOx_length,liability_MetOx_severity,liability_MetOx_details,liability_MetOx_positions,liability_MetOx_num_positions,liability_MetOx_global_details,liability_MetOx_avg_severity,liability_TrpOx_count,liability_TrpOx_position,liability_TrpOx_length,liability_TrpOx_severity,liability_TrpOx_details,liability_TrpOx_positions,liability_TrpOx_num_positions,liability_TrpOx_global_details,liability_TrpOx_avg_severity,liability_AspBridge_position,liability_AspBridge_length,liability_AspBridge_severity,liability_AspBridge_details,liability_AspBridge_positions,liability_AspBridge_num_positions,liability_AspBridge_global_details,liability_AspBridge_avg_severity,liability_violations_summary,native_rmsd,native_rmsd_bb,native_rmsd_refolded,native_rmsd_bb_refolded,designfolding-bb_rmsd,designfolding-bb_rmsd_design,designfolding-bb_rmsd_target,designfolding-bb_rmsd_design_target,designfolding-bb_target_aligned_rmsd_design,designfolding-bb_rmsd<2.5,designfolding-bb_target_aligned<2.5,designfolding-bb_designability_rmsd_2,designfolding-bb_designability_rmsd_4,designfolding-ligand_iptm,designfolding-interaction_pae,designfolding-min_interaction_pae,designfolding-min_design_to_target_pae,designfolding-iptm,designfolding-ptm,designfolding-protein_iptm,designfolding-design_iptm,designfolding-design_iiptm,designfolding-design_to_target_iptm,designfolding-target_ptm,designfolding-design_ptm,designfolding-min_interaction_pae<1.5,designfolding-min_interaction_pae<2,designfolding-min_interaction_pae<2.5,designfolding-min_interaction_pae<3,designfolding-min_interaction_pae<4,designfolding-min_interaction_pae<5,designfolding-design_ptm>80,designfolding-design_ptm>75,designfolding-design_iptm>80,designfolding-design_iptm>70,designfolding-design_iptm>60,designfolding-design_iptm>50,bb_rmsd,bb_rmsd_design,bb_rmsd_target,bb_rmsd_design_target,bb_target_aligned_rmsd_design,bb_rmsd<2.5,bb_target_aligned<2.5,bb_designability_rmsd_2,bb_designability_rmsd_4,ligand_iptm,interaction_pae,min_interaction_pae,iptm,ptm,protein_iptm,design_iptm,design_iiptm,target_ptm,min_interaction_pae<1.5,min_interaction_pae<2,min_interaction_pae<2.5,min_interaction_pae<3,min_interaction_pae<4,min_interaction_pae<5,design_ptm>80,design_ptm>75,design_iptm>80,design_iptm>70,design_iptm>60,design_iptm>50,design_sasa_unbound_refolded,design_sasa_bound_refolded,plip_saltbridge_refolded,liability_UnpairedCys_count,liability_UnpairedCys_position,liability_UnpairedCys_length,liability_UnpairedCys_severity,liability_UnpairedCys_details,liability_details,filter_rmsd_design,neg_min_design_to_target_pae,neg_design_hydrophobicity,neg_design_largest_hydrophobic_patch_refolded,neg_min_interaction_pae,has_x,num_filters_passed,pass_has_x_filter,pass_filters,pass_filter_rmsd_filter,pass_filter_rmsd_design_filter,pass_designfolding-filter_rmsd_filter,pass_ALA_fraction_filter,pass_GLY_fraction_filter,pass_GLU_fraction_filter,pass_LEU_fraction_filter,pass_VAL_fraction_filter,rank_design_iiptm,rank_design_ptm,rank_neg_min_design_to_target_pae,rank_plip_hbonds_refolded,rank_plip_saltbridge_refolded,rank_delta_sasa_refolded,max_rank,secondary_rank,quality_score
NiV-Gprot_2,1,SPPTIPNVANPTGISLSPDGKYVFVVQNNGFLRGVLVYDAKTGKLVGTIDTPALRPTGVAISPDGKLIFVLDAATNQVLIYDTKTGELVGTLPFDVENPSGVAISPDGKLIYVLSVADQRVYILDAKTGKKVGSIPFDVKNPGGIAISPDGKYLYIFNSNTGKLVGTVPL,SPPTIPNVANPTGISLSPDGKYVFVVQNNGFLRGVLVYDAKTGKLVGTIDTPALRPTGVAISPDGKLIFVLDAATNQVLIYDTKTGELVGTLPFDVENPSGVAISPDGKLIYVLSVADQRVYILDAKTGKKVGSIPFDVKNPGGIAISPDGKYLYIFNSNTGKLVGTVPL,170,0.31544,12.87591,0.81083,1.76283,2.16653,4,1118.65137,2508.34155,58.2266,58.2266,0.5,0.0,0.5,NiV-Gprot_2.cif,586,0,586.0,586.0,0.0,0.11176,0.05882,0.0,0.05882,0.08824,0.07647,0.11765,0.07647,0.05294,0.07059,0.09412,0.0,0.01765,0.01176,0.07059,0.0,0.03529,0.01765,0.04118,0.0,255,29,22,7,0,0,0,0,0,-1,0,0,,21-163,15,,10.0,0,-1,0,0,,,0,,0.0,-1,0,0,,22-153,7,,5.0,-1,0,0,,19-150,4,,10.0,0,-1,0,0,,,0,,0.0,0,-1,0,0,,,0,,0.0,0,-1,0,0,,,0,,0.0,-1,0,0,,29-158,3,,10.0,"AspBridgex3(pos29-158,sev10); AspCleavex4(pos19-150,sev10); ProtTrypx15(pos21-163,sev10); HydroPatchx7(pos22-153,sev5)",0.0,0.0,0.0,0.0,2.16653,2.16653,,,,True,False,False,True,0.0,0.0,100000.25,100000.25,0.0,0.66043,0.0,0.0,0.0,0.0,0.0,0.66043,False,False,False,False,False,False,False,False,False,False,False,False,1.76283,2.74359,0.32824,3.57379,3.57379,True,False,False,True,0.0,21.26358,12.87591,0.31544,0.64769,0.31544,0.31544,0.0,0.79697,False,False,False,False,False,False,True,True,False,False,False,False,17034.26172,15915.61035,0,,,,,,,2.74359,-12.87591,-58.2266,-2508.34155,-12.87591,False,2,True,False,True,False,True,True,True,True,True,True,1.0,1.0,1.0,0.5,0.5,0.5,1.0,1,1.0
NiV-Gprot_1,2,AKNEKMTLTAGPTAKLYKDGKLVGELYGEVTAAACNEKMCVAAGVKGKVFKDGKRVAEHDGFINAAACNEKMCALGGTTARVFIDGEEVARHIGTVTAVAANKNMIAVGGTTGRVFINGKEVATHDGLITAVAADDNRIYLGGEKVVVFENGKVVAEVELEGDAVATSVA,AKNEKMTLTAGPTAKLYKDGKLVGELYGEVTAAACNEKMCVAAGVKGKVFKDGKRVAEHDGFINAAACNEKMCALGGTTARVFIDGEEVARHIGTVTAVAANKNMIAVGGTTGRVFINGKEVATHDGLITAVAADDNRIYLGGEKVVVFENGKVVAEVELEGDAVATSVA,170,0.19979,18.89767,0.82695,14.53518,1.57473,3,1053.7959,1122.38843,44.1936,44.1936,0.37059,0.0,0.62941,NiV-Gprot_1.cif,586,0,586.0,586.0,0.0,0.12353,0.15882,0.02353,0.00588,0.00588,0.07647,0.12941,0.04118,0.05294,0.04706,0.04706,0.02353,0.0,0.08235,0.08824,0.01765,0.02941,0.02941,0.01765,0.0,325,37,28,9,0,0,0,0,0,-1,0,0,,2-153,20,,10.0,0,1,1,5,,,0,,0.0,-1,0,0,,82-146,4,,5.0,-1,0,0,,19-126,5,,10.0,0,-1,0,0,,,0,,0.0,0,-1,0,0,,6-105,4,,5.0,0,-1,0,0,,,0,,0.0,-1,0,0,,64-151,3,,10.0,"AspBridgex3(pos64-151,sev10); AspCleavex5(pos19-126,sev10); ProtTrypx20(pos2-153,sev10); DPP4(pos1,sev5); MetOxx4(pos6-105,sev5); HydroPatchx4(pos82-146,sev5)",0.0,0.0,0.0,0.0,1.57473,1.57473,,,,True,False,True,True,0.0,0.0,100000.25,100000.25,0.0,0.54234,0.0,0.0,0.0,0.0,0.0,0.54234,False,False,False,False,False,False,False,False,False,False,False,False,14.53518,1.19338,0.46708,28.26183,28.26183,False,False,True,True,0.0,25.40546,18.89767,0.19979,0.60921,0.19979,0.19979,0.0,0.78709,False,False,False,False,False,False,True,True,False,False,False,False,17024.02734,15970.23145,2,,,,,,,1.19338,-18.89767,-44.1936,-1122.38843,-18.89767,False,1,True,False,False,True,True,True,True,True,True,True,2.0,5.0,5.0,4.5,2.5,3.5,5.0,2,0.8888888888888888
NiV-Gprot_0,3,TASGKELTVENPTSAAEVDGKLAIATDDKVLIYDKDGKKIAEAPGTAVAAYNGKIIVANDTGSSVYDVNGNLVDDGTGGVGSVVYDGKVLLVGRNIRGGAYANGRLAVATDDRIKIYKGKELVGEVDADVYALASKDGKIYAATKDKIKELDAETGEIVSEQEGSASFLL,TASGKELTVENPTSAAEVDGKLAIATDDKVLIYDKDGKKIAEAPGTAVAAYNGKIIVANDTGSSVYDVNGNLVDDGTGGVGSVVYDGKVLLVGRNIRGGAYANGRLAVATDDRIKIYKGKELVGEVDADVYALASKDGKIYAATKDKIKELDAETGEIVSEQEGSASFLL,170,0.24473,14.4155,0.67041,5.68411,2.44973,12,1207.79004,923.01221,44.2812,44.2812,0.44118,0.0,0.55882,NiV-Gprot_0.cif,586,0,586.0,586.0,0.0,0.12353,0.12941,0.0,0.05294,0.01176,0.05882,0.10588,0.06471,0.04118,0.1,0.07059,0.0,0.00588,0.06471,0.09412,0.0,0.00588,0.02353,0.04706,0.0,305,33,28,5,0,0,0,0,0,-1,0,0,,5-149,20,,10.0,0,-1,0,0,,,0,,0.0,-1,0,0,,30-168,5,,5.0,-1,0,0,,19-137,5,,10.0,0,-1,0,0,,,0,,0.0,0,-1,0,0,,,0,,0.0,0,-1,0,0,,,0,,0.0,-1,0,0,,52-103,3,,10.0,"AspBridgex3(pos52-103,sev10); AspCleavex5(pos19-137,sev10); ProtTrypx20(pos5-149,sev10); HydroPatchx5(pos30-168,sev5)",0.0,0.0,0.0,0.0,2.44973,2.44973,,,,True,False,False,True,0.0,0.0,100000.25,100000.25,0.0,0.41597,0.0,0.0,0.0,0.0,0.0,0.41597,False,False,False,False,False,False,False,False,False,False,False,False,5.68411,1.88166,0.48691,11.30773,11.30773,False,False,True,True,0.0,23.39671,14.4155,0.24473,0.61554,0.24473,0.24473,0.0,0.77994,False,False,False,False,False,False,False,False,False,False,False,False,17171.96875,15964.17871,2,,,,,,,1.88166,-14.4155,-44.2812,-923.01221,-14.4155,False,1,True,False,False,True,True,True,True,True,True,True,2.0,6.0,2.0,1.0,2.5,3.0,6.0,3,0.7777777777777778
NiV-Gprot_7,4,SAASAASATSSSSSEASASASAAASTTSSSTTTTAAAATTTSAESSTTSTATVSITDDATSSTSTTIDVVDIITTAASAAASDDIDDDIIVAAAAAAAATIDDDDVAAAAAAAAATDDDDSIAAAAAAAAAAAASSSSSAAAAAAAAAAASACSAAAAAAAAAAAAAASC,SAASAASATSSSSSEASASASAAASTTSSSTTTTAAAATTTSAESSTTSTATVSITDDATSSTSTTIDVVDIITTAASAAASDDIDDDIIVAAAAAAAATIDDDDVAAAAAAAAATDDDDSIAAAAAAAAAAAASSSSSAAAAAAAAAAASACSAAAAAAAAAAAAAASC,170,0.18149,19.92419,0.39696,11.13339,14.52873,5,2236.44238,2017.34912,32.1164,32.1164,0.49412,0.0,0.50588,NiV-Gprot_7.cif,586,0,586.0,586.0,0.0,0.0,0.45882,0.01176,0.2,0.0,0.13529,0.02941,0.05294,0.0,0.1,0.0,0.0,0.0,0.01176,0.0,0.0,0.0,0.0,0.0,0.0,15,2,1,1,0,0,0,0,0,-1,0,0,,,0,,0.0,0,-1,0,0,,,0,,0.0,89,3,5,,,0,,0.0,120,2,10,,,0,,0.0,0,-1,0,0,,,0,,0.0,0,-1,0,0,,,0,,0.0,0,-1,0,0,,,0,,0.0,-1,0,0,,,0,,0.0,"AspCleave(pos120,sev10); HydroPatch(pos89,sev5)",0.0,0.0,0.0,0.0,14.52873,14.52873,,,,False,False,False,False,0.0,0.0,100000.25,100000.25,0.0,0.25987,0.0,0.0,0.0,0.0,0.0,0.25987,False,False,False,False,False,False,False,False,False,False,False,False,11.13339,15.14567,0.69591,22.87131,22.87131,False,False,False,False,0.0,26.6223,19.92419,0.18149,0.61012,0.18149,0.18149,0.0,0.79333,False,False,False,False,False,False,False,False,False,False,False,False,17041.00781,14804.56543,4,,,,,,,15.14567,-19.92419,-32.1164,-2017.34912,-19.92419,False,1,True,False,False,False,False,False,True,True,True,True,2.0,7.0,7.0,2.5,1.5,1.0,7.0,4,0.6666666666666667
NiV-Gprot_5,5,LAAGAVGAAAALAIGGAVGGLVGAALGGLLGAGLGAGIGGAVGGLGGGVDLAGLAGLAGGRAGGGGIGLEILLLVLLVEGTVEEIDELDVEGLAGVGVDLLLLLLEVLLLLLGEEVEEEELIEEVLDILGIDGLVLVDVLNLLILIGVLLAELEIEEELILDGGAGGVEG,LAAGAVGAAAALAIGGAVGGLVGAALGGLLGAGLGAGIGGAVGGLGGGVDLAGLAGLAGGRAGGGGIGLEILLLVLLVEGTVEEIDELDVEGLAGVGVDLLLLLLEVLLLLLGEEVEEEELIEEVLDILGIDGLVLVDVLNLLILIGVLLAELEIEEELILDGGAGGVEG,170,0.18757,18.84119,0.34724,13.22755,15.15907,8,1446.86426,3633.22217,76.2402,76.2402,0.11765,0.88235,0.0,NiV-Gprot_5.cif,586,0,586.0,586.0,0.0,0.24706,0.12353,0.0,0.0,0.0,0.00588,0.11176,0.07059,0.00588,0.04706,0.25882,0.0,0.0,0.12353,0.0,0.0,0.0,0.00588,0.0,0.0,65,10,3,7,0,0,0,0,0,61,1,10,,,0,,0.0,0,-1,0,0,,,0,,0.0,-1,0,0,,71-159,7,,5.0,-1,0,0,,132-162,2,,10.0,0,-1,0,0,,,0,,0.0,0,-1,0,0,,,0,,0.0,0,-1,0,0,,,0,,0.0,-1,0,0,,,0,,0.0,"AspCleavex2(pos132-162,sev10); ProtTryp(pos61,sev10); HydroPatchx7(pos71-159,sev5)",0.0,0.0,0.0,0.0,15.15907,15.15907,,,,False,False,False,False,0.0,0.0,100000.25,100000.25,0.0,0.18828,0.0,0.0,0.0,0.0,0.0,0.18828,False,False,False,False,False,False,False,False,False,False,False,False,13.22755,14.56037,0.48797,26.44564,26.44564,False,False,False,False,0.0,26.61611,18.84119,0.18757,0.59803,0.18757,0.18757,0.0,0.77483,False,False,False,False,False,False,False,False,False,False,False,False,16519.94531,15073.08105,2,,,,,,,14.56037,-18.84119,-76.2402,-3633.22217,-18.84119,False,1,True,False,False,False,False,True,False,True,False,True,2.0,8.0,4.0,2.0,2.5,2.0,8.0,5,0.5555555555555556
NiV-Gprot_8,6,SIKSISAGPDVTELDLSNLDLSELQGIGAGGLETLDLSNNNLNGEGVALGPELRRLDLSNNDLSKLKELSLTNAGGLEVLDLSNNDLSGLVSLDLSGASGLRELDLSNNDLSGLKTVSLGGAAALGVLDLSGSDLSGLKVLVLSGAAGLKELNLSGSDLSNVKEVVVVEG,SIKSISAGPDVTELDLSNLDLSELQGIGAGGLETLDLSNNNLNGEGVALGPELRRLDLSNNDLSKLKELSLTNAGGLEVLDLSNNDLSGLVSLDLSGASGLRELDLSNNDLSGLKTVSLGGAAALGVLDLSGSDLSGLKVLVLSGAAGLKELNLSGSDLSNVKEVVVVEG,170,0.18566,20.03843,0.82716,13.39397,2.49966,4,600.63477,758.10974,57.7284,57.7284,0.74118,0.0,0.25882,NiV-Gprot_8.cif,586,0,586.0,586.0,0.0,0.13529,0.05882,0.0,0.14118,0.01176,0.02353,0.07647,0.01765,0.08235,0.08235,0.24118,0.0,0.00588,0.06471,0.04118,0.0,0.0,0.01765,0.0,0.0,130,14,12,2,0,0,0,0,0,-1,0,0,,3-163,10,,10.0,0,-1,0,0,,,0,,0.0,-1,0,0,,140-165,2,,5.0,-1,0,0,,,0,,0.0,0,-1,0,0,,,0,,0.0,0,-1,0,0,,,0,,0.0,0,-1,0,0,,,0,,0.0,-1,0,0,,43-73,2,,10.0,"AspBridgex2(pos43-73,sev10); ProtTrypx10(pos3-163,sev10); HydroPatchx2(pos140-165,sev5)",0.0,0.0,0.0,0.0,2.49966,2.49966,,,,True,False,False,True,0.0,0.0,100000.25,100000.25,0.0,0.71977,0.0,0.0,0.0,0.0,0.0,0.71977,False,False,False,False,False,False,False,False,False,False,False,False,13.39397,2.25245,0.47535,27.90356,27.90356,False,False,False,True,0.0,26.02633,20.03843,0.18566,0.58355,0.18566,0.18566,0.0,0.76175,False,False,False,False,False,False,True,True,False,False,False,False,17333.27539,16732.64062,0,,,,,,,2.25245,-20.03843,-57.7284,-758.10974,-20.03843,False,1,True,False,False,True,True,True,True,True,False,True,2.0,4.0,8.0,3.5,4.5,4.5,8.0,5,0.4444444444444444
NiV-Gprot_9,7,GGCGVGVVDIKIVVVVTVVVGVVVVTEKGVVPGRVVVVVVKVKIVVVVGPVVVVVVVGIEDVVVVVEGLLGVVVNIIVVVPGVPVVVVVVDVIIGVPPVRGVVVVVDLVVGGVPGPIVVVVVVKVIIKVVGGVVPVVGGIVDVVGVGGVGGGVVVVDDIVVVVAGPGPGG,GGCGVGVVDIKIVVVVTVVVGVVVVTEKGVVPGRVVVVVVKVKIVVVVGPVVVVVVVGIEDVVVVVEGLLGVVVNIIVVVPGVPVVVVVVDVIIGVPPVRGVVVVVDLVVGGVPGPIVVVVVVKVIIKVVGGVVPVVGGIVDVVGVGGVGGGVVVVDDIVVVVAGPGPGG,170,0.1797,19.5642,0.33988,16.34115,16.92778,4,895.93945,4281.96777,71.2577,71.2577,0.56471,0.0,0.43529,NiV-Gprot_9.cif,586,0,586.0,586.0,0.0,0.18235,0.00588,0.00588,0.0,0.06471,0.01176,0.52353,0.07647,0.00588,0.04118,0.01765,0.0,0.0,0.01765,0.03529,0.0,0.0,0.01176,0.0,0.0,175,26,9,17,0,0,0,0,0,-1,0,0,,11-128,8,,10.0,0,-1,0,0,,,0,,0.0,-1,0,0,,12-159,17,,5.0,-1,0,0,,,0,,0.0,0,-1,0,0,,,0,,0.0,0,-1,0,0,,,0,,0.0,0,-1,0,0,,,0,,0.0,-1,0,0,,,0,,0.0,"ProtTrypx8(pos11-128,sev10); HydroPatchx17(pos12-159,sev5); UnpairedCys(pos3,sev10)",0.0,0.0,0.0,0.0,16.92778,16.92778,,,,False,False,False,False,0.0,0.0,100000.25,100000.25,0.0,0.16152,0.0,0.0,0.0,0.0,0.0,0.16152,False,False,False,False,False,False,False,False,False,False,False,False,16.34115,17.68531,0.41585,33.12202,33.12202,False,False,False,False,0.0,26.84027,19.5642,0.1797,0.60423,0.1797,0.1797,0.0,0.786,False,False,False,False,False,False,False,False,False,False,False,False,16671.80273,15775.86328,2,1.0,3.0,1.0,10.0,,,17.68531,-19.5642,-71.2577,-4281.96777,-19.5642,False,1,True,False,False,False,False,True,True,True,True,False,2.0,9.0,6.0,3.5,2.5,4.0,9.0,6,0.33333333333333337
NiV-Gprot_3,8,TVDSLGRTPLHIAAETGNLEKVKKLLAEGADVNARDAFGETPLHEAAAVGHLEIVELLLKNGADVNAQDTEGRTPLHLAAREGHLEIVELLLKHGADVNARDKNGRTPLHLAARNGHLEIVKLLLKHGADVNAQDVDGRTPLHLAKENGHKEIVELLLKNGADENAKRLS,TVDSLGRTPLHIAAETGNLEKVKKLLAEGADVNARDAFGETPLHEAAAVGHLEIVELLLKNGADVNAQDTEGRTPLHLAAREGHLEIVELLLKHGADVNARDKNGRTPLHLAARNGHLEIVKLLLKHGADVNAQDVDGRTPLHLAKENGHKEIVELLLKNGADENAKRLS,170,0.17966,20.84895,0.86393,12.55815,0.96703,5,1249.14453,695.27844,46.5479,46.5479,0.50588,0.49412,0.0,NiV-Gprot_3.cif,586,0,586.0,586.0,0.0,0.08824,0.12941,0.0,0.01176,0.02941,0.04706,0.07059,0.02941,0.06471,0.06471,0.16471,0.0,0.01176,0.09412,0.07059,0.06471,0.00588,0.05294,0.0,0.0,350,37,33,4,0,0,0,0,0,-1,0,0,,7-168,21,,10.0,0,-1,0,0,,,0,,0.0,-1,0,0,,57-156,4,,5.0,-1,0,0,,3-137,2,,10.0,0,-1,0,0,,,0,,0.0,0,-1,0,0,,,0,,0.0,0,-1,0,0,,,0,,0.0,-1,0,0,,33-165,10,,10.0,"AspBridgex10(pos33-165,sev10); AspCleavex2(pos3-137,sev10); ProtTrypx21(pos7-168,sev10); HydroPatchx4(pos57-156,sev5)",0.0,0.0,0.0,0.0,0.96703,0.96703,,,,True,False,True,True,0.0,0.0,100000.25,100000.25,0.0,0.6497,0.0,0.0,0.0,0.0,0.0,0.6497,False,False,False,False,False,False,False,False,False,False,False,False,12.55815,1.06549,1.26889,35.69742,35.69742,False,False,True,True,0.0,26.94497,20.84895,0.17966,0.58951,0.17966,0.17966,0.0,0.77232,False,False,False,False,False,False,True,True,False,False,False,False,17199.11328,15949.96875,4,,,,,,,1.06549,-20.84895,-46.5479,-695.27844,-20.84895,False,1,True,False,False,True,True,True,True,True,True,True,2.0,2.0,9.0,2.5,1.5,2.5,9.0,6,0.2222222222222222
NiV-Gprot_6,9,GGTDIDVTCIVVCDGPSDVSTVVDVDCVGIVDVDVDIGDVDDLISHDDDIDKEVVDDVYCRGICDDIEEEVDVDCDILGDCDDRRYADDDCVYHGDCDAADRGADDDCVDSGDCTAGRGGDCDCYTGGWDDAAGRGGDDDSVSGGDGDGGDGGICSGGANGYWDDLPRGA,GGTDIDVTCIVVCDGPSDVSTVVDVDCVGIVDVDVDIGDVDDLISHDDDIDKEVVDDVYCRGICDDIEEEVDVDCDILGDCDDRRYADDDCVYHGDCDAADRGADDDCVDSGDCTAGRGGDCDCYTGGWDDAAGRGGDDDSVSGGDGDGGDGGICSGGANGYWDDLPRGA,170,0.19306,18.43742,0.25729,10.80169,10.33286,9,2036.19531,705.24762,37.0922,37.0922,0.55882,0.0,0.44118,NiV-Gprot_6.cif,586,0,586.0,586.0,0.0,0.17059,0.05294,0.08235,0.04118,0.01176,0.02941,0.11765,0.05882,0.00588,0.28824,0.01765,0.0,0.0,0.02353,0.00588,0.01176,0.0,0.04118,0.02941,0.01176,175,18,17,1,0,0,0,0,0,-1,0,0,,52-168,8,,10.0,0,-1,0,0,,,0,,0.0,10,3,5,,,0,,0.0,-1,0,0,,14-151,6,,10.0,0,-1,0,0,,,0,,0.0,0,-1,0,0,,,0,,0.0,0,-1,0,0,,129-163,2,,10.0,160,2,10,,,0,,0.0,"AspBridge(pos160,sev10); AspCleavex6(pos14-151,sev10); ProtTrypx8(pos52-168,sev10); TrpOxx2(pos129-163,sev10); HydroPatch(pos10,sev5)",0.0,0.0,0.0,0.0,10.33286,10.33286,,,,False,False,False,False,0.0,0.0,100000.25,100000.25,0.0,0.24678,0.0,0.0,0.0,0.0,0.0,0.24678,False,False,False,False,False,False,False,False,False,False,False,False,10.80169,12.78765,0.55344,22.03324,22.03324,False,False,False,False,0.0,26.56503,18.43742,0.19306,0.60073,0.19306,0.19306,0.0,0.77746,False,False,False,False,False,False,False,False,False,False,False,False,16965.21094,14929.01562,8,,,,,,,12.78765,-18.43742,-37.0922,-705.24762,-18.43742,False,1,True,False,False,False,False,True,True,True,True,True,2.0,10.0,3.0,1.5,1.0,1.5,10.0,7,0.11111111111111116
NiV-Gprot_4,10,TTRYDASNLGSADPSDLTNLTELDLSNNRLTSLDLSGLTNLTTLDLSDNELESLDLGSNLKNLTTLDLSNNRLKSLDISGLTNLQTLDLSNNQLTSVDPSIRNLTNLTTLNLSNNNLTSLDLGSGLTNLQTLDLSNNRLTYVDLSGLKNLKTLNLSNNNITTLDLSGTSL,TTRYDASNLGSADPSDLTNLTELDLSNNRLTSLDLSGLTNLTTLDLSDNELESLDLGSNLKNLTTLDLSNNRLKSLDISGLTNLQTLDLSNNQLTSVDPSIRNLTNLTTLNLSNNNLTSLDLGSGLTNLQTLDLSNNRLTYVDLSGLKNLKTLNLSNNNITTLDLSGTSL,170,0.15386,21.25477,0.85967,13.78177,3.72721,1,383.63281,316.60938,57.3123,57.3123,0.72353,0.02941,0.24706,NiV-Gprot_4.cif,586,0,586.0,586.0,0.0,0.04706,0.01176,0.0,0.13529,0.01176,0.14118,0.01176,0.01765,0.15882,0.09412,0.27059,0.0,0.01765,0.01765,0.02353,0.0,0.0,0.02941,0.01176,0.0,120,12,12,0,0,0,0,0,0,-1,0,0,,3-151,9,,10.0,0,-1,0,0,,,0,,0.0,-1,0,0,,,0,,0.0,-1,0,0,,13-98,2,,10.0,0,-1,0,0,,,0,,0.0,0,-1,0,0,,,0,,0.0,0,-1,0,0,,,0,,0.0,92,2,10,,,0,,0.0,"AspBridge(pos92,sev10); AspCleavex2(pos13-98,sev10); ProtTrypx9(pos3-151,sev10)",0.0,0.0,0.0,0.0,3.72721,3.72721,,,,False,False,False,True,0.0,0.0,100000.25,100000.25,0.0,0.70899,0.0,0.0,0.0,0.0,0.0,0.70899,False,False,False,False,False,False,False,False,False,False,False,False,13.78177,1.7525,0.82608,29.17469,29.17469,False,False,True,True,0.0,27.27975,21.25477,0.15386,0.5713,0.15386,0.15386,0.0,0.74976,False,False,False,False,False,False,True,True,False,False,False,False,17377.09766,16993.46484,0,,,,,,,1.7525,-21.25477,-57.3123,-316.60938,-21.25477,False,1,True,False,False,True,False,True,True,True,False,True,2.0,3.0,10.0,5.0,4.5,5.0,10.0,7,0.0
